"Name","Age"
"Larry Blacks",65
"Tracy Zic",65
"Aimee Bixby",65
"Kristina Nunn",65
"Lisa DeCherney",65
"Peter McVee",65
"Jill Stevenson",65
"Hunter Lopez",65
"Daniel Raglin",65
"Julia Barnett",65
"Sean O'Donnell",65
"Barry Pond",65
"Mick Crebagga",65
"Karen Ferguson",65
"Duane Huffman",65
"Adrian Shami",65
"Skye Norling",65
"Brad Thomas",66
"Mike Vittorini",66
"Chuck Clark",66
"Shahid Hopkins",66
"Roland Murray",66
"Charlotte Melton",66
"Lena Hernandez",66
"Katharine Harms",66
"Dave Poirier",66
"Anthony O'Donnell",66
"Lindsay Shagiari",66
"Aaron Bergman",66
"Allen Rosenblatt",66
"Zuschuss Donatelli",66
"John Murray",66
"Irene Maddox",66
"Alex Avila",66
"Greg Hansen",67
"Michael Grace",67
"Rick Huthwaite",67
"Ken Black",67
"Alan Haines",67
"Don Jones",67
"Claire Gute",67
"Charles Sheldon",67
"Greg Tran",67
"Russell D'Ascenzo",67
"Barry Franzosisch",67
"Ted Trevino",67
"Becky Martin",67
"Toby Swindell",67
"Hallie Redmond",67
"Cathy Armstrong",67
"Michael Stewart",67
"Frank Gastineau",67
"Julie Kriz",67
"Christine Abelman",68
"Dorris liebe",68
"Toby Gnade",68
"Aleksandra Gannaway",68
"Shahid Collister",68
"Justin Ritter",68
"Keith Dawkins",68
"Sibella Parks",68
"Alan Shonely",68
"Jack O'Briant",68
"Dan Reichenbach",68
"Bill Donatelli",68
"Sung Chung",69
"Kunst Miller",69
"Shirley Jackson",69
"Valerie Mitchum",69
"Valerie Dominguez",69
"Andy Gerbode",69
"Alyssa Crouse",69
"Anna Gayman",69
"Michelle Tran",69
"Joe Kamberova",69
"Katherine Hughes",69
"Harold Ryan",69
"Greg Matthias",69
"Jocasta Rupert",69
"Mitch Webber",69
"Speros Goranitis",69
"Tim Taslimi",69
"Nancy Lomonaco",69
"Denise Leinenbach",69
"Benjamin Farhat",69
"Jennifer Patt",69
"Cari Schnelling",69
"Jason Klamczynski",69
"Julia Dunbar",70
"Katherine Murray",70
"Jay Fein",70
"Naresj Patel",70
"Maribeth Yedwab",70
"Raymond Buch",70
"John Lucas",70
"Shirley Daniels",70
"Pierre Wener",70
"Brian Thompson",70
"Cynthia Delaney",70
"Karl Braun",70
